{
  "prusti-tests/tests/verify/pass/rosetta/Knuth_shuffle.rs": [
    3.014804908999963,
    0.3741219570000567,
    0.3871084490000385,
    0.37130033700009335,
    0.3677696110000852,
    0.3495288819999587,
    0.33854010400000334,
    0.3717531399998961,
    0.36768351099999563,
    0.35052208899992365
  ],
  "prusti-tests/tests/verify/pass/demos/account.rs": [
    2.4323931870000024,
    0.1530580749999899,
    0.14628962699998738,
    0.14816134000000147,
    0.14722633399992446,
    0.14270250199990642,
    0.13225852899995516,
    0.13313153499996133,
    0.14097759000003407,
    0.14260590200001388
  ],
  "prusti-tests/tests/verify/pass/rosetta/Knights_tour.rs": [
    109.55912703999991,
    2.628281066999989,
    2.6243306369999573,
    2.6200374109999984,
    2.352880497000001,
    2.3419852230000515,
    2.3360994839999876,
    2.608496149999951,
    2.3365712439999697,
    2.3343172649999815
  ],
  "prusti-tests/tests/verify/pass/quick/fold-unfold.rs": [
    1.3329706179999903,
    0.10767005200000312,
    0.12734029000000646,
    0.10308772099995167,
    0.10446562999993603,
    0.10301122000009855,
    0.10417142799997237,
    0.10423922799998309,
    0.10676944599993021,
    0.10458363100008228
  ],
  "prusti-tests/tests/verify/pass/quick/moves.rs": [
    1.5815920510000296,
    0.10335082200003853,
    0.1024033150000605,
    0.10196391299996321,
    0.10330852200002028,
    0.10074010400001043,
    0.10013649999996233,
    0.10277491800002281,
    0.1037804260000712,
    0.10022110099998827
  ],
  "prusti-tests/tests/verify/pass/quick/mut-borrows.rs": [
    3.0850769570000693,
    0.1731900099999848,
    0.17357371299999613,
    0.17727173899993431,
    0.17856194800003777,
    0.17384491500001786,
    0.1609885259999828,
    0.16011272000002919,
    0.16840217799995116,
    0.15905291199999283
  ],
  "prusti-tests/tests/verify/pass/quick/shared-borrows.rs": [
    1.89018382200004,
    0.10142390900000464,
    0.10008889999994608,
    0.10957176600004459,
    0.10269251800002621,
    0.09768318300007195,
    0.10120680800002901,
    0.103033220000043,
    0.10240591599995241,
    0.1028143190000037
  ],
  "prusti-tests/tests/verify/pass/quick/trait-contracts-refinement.rs": [
    1.790175422999937,
    0.14568192000001545,
    0.14727903000004972,
    0.14725142999998297,
    0.1398038780000661,
    0.14382710600000337,
    0.1492869439999822,
    0.14134888899991438,
    0.14077008399999613,
    0.14086848500005544
  ],
  "prusti-tests/tests/verify/pass/quick/routes.rs": [
    5.551656729000001,
    0.3702884439999252,
    0.34263244700002815,
    0.33997132799993324,
    0.33892382000010457,
    0.3689717349999455,
    0.3738939700000401,
    0.3386058180000191,
    0.37162575299998934,
    0.37323946500009697
  ],
  "prusti-tests/tests/verify/pass/quick/fibonacci.rs": [
    0.39639923100003216,
    0.36252849800007425,
    0.3961250160000418,
    0.40255906300001243,
    0.3962884180000401,
    0.40229406200000994,
    0.39657011899998906,
    0.3631600740000067,
    0.3619051650000529,
    0.3615178620000279
  ],
  "prusti-tests/tests/verify/pass/pure-fn/len-lookup.rs": [
    3.692944787999977,
    0.23734514699992815,
    0.2352481320000379,
    0.2103933490000145,
    0.21262636599999496,
    0.21186696000006577,
    0.2119570920000342,
    0.21261242000002767,
    0.21677095200004715,
    0.21653505000006135
  ],
  "prusti-tests/tests/verify/pass/pure-fn/quantifiers.rs": [
    2.2411777720000146,
    0.19722700299996632,
    0.18422310400001152,
    0.18619301799992627,
    0.18612101799999436,
    0.18337459600002148,
    0.18701302500005568,
    0.18725862700000562,
    0.1837635000000546,
    0.18341449700005796
  ],
  "prusti-tests/tests/verify/pass/pure-fn/recursive-pure-fn.rs": [
    1.990927465000027,
    0.15814830500005428,
    0.14904833500008863,
    0.15227485899993098,
    0.15124735200004125,
    0.15062294699998802,
    0.1497781410000698,
    0.1502526439999201,
    0.14931623699999363,
    0.15120884800001022
  ],
  "prusti-tests/tests/verify/pass/pure-fn/ref-mut-arg.rs": [
    2.9861663159999807,
    0.19580696900004568,
    0.19087823300003492,
    0.18921381999996356,
    0.18949342200005503,
    0.19796238600008564,
    0.1971435799999881,
    0.19019102799995835,
    0.19074683199994524,
    0.19119713499992486
  ],
  "prusti-tests/tests/verify/pass/rosetta/Ackermann_function.rs": [
    1.9637194410000802,
    0.22932172100001935,
    0.2290531190000138,
    0.2296502240000109,
    0.22383878000005097,
    0.2249603879999995,
    0.22855458000003637,
    0.22810498599994844,
    0.22853099399992516,
    0.22570544299992434
  ],
  "prusti-tests/tests/verify/pass/rosetta/Heapsort.rs": [
    10.306711073000088,
    1.0962645149999162,
    0.984087215000045,
    0.9804693889999498,
    0.9789362789999814,
    0.9709631089999675,
    0.9741136009999991,
    0.9739034990000164,
    0.9763338159999648,
    0.9695727700000134
  ]
}